id,date,question,decision,rationale,status
D01,2026-09-29,Nhóm 3 người dùng một hồ sơ chung hay ba slice riêng?,"Dùng một slice chung B4-center: chạy mode --members long,my,nam --self nam trên máy C; bỏ hai assignment B3-dense, B2-mid và vòng QA tự sinh trong team.json","Theo hướng dẫn quy trình một hồ sơ: A vẽ, B QA, C chẩn đoán trên cùng một slice; bảng phân vai trong TEAMMATES.md thay vòng QA của team.json. Commit 6ee2b50",decided
D02,2026-09-29,Có dùng prefill hỗ trợ (--support) cho slice B4-center không?,A dùng cvat B4-center --support để có thêm box prefill ở frame 2 (adasind_271039.jpg),"Được phép theo docs/09-support-stretch-vi.md; chuẩn nhãn và bằng chứng không đổi. lock.txt ghi prefill_kept=6, prefill_edited=3, new=17 nên vẫn thấy phần A tự sửa/vẽ. Commit 04758d9",decided
D03,2026-09-29,Bỏ bước nào khi P2 trễ giờ?,degrade stretch và k12 (thứ tự cắt 1 và 2 trong docs/08-degrade-vi.md); không vẽ polygon K12 nên selfqc ghi 'chưa vẽ polygon K12',"Hai bước đầu trong thứ tự cắt, không nằm trong danh sách không được bỏ; giữ đủ lock, reference sau lock, 3 frame. mode.json ghi degrade [stretch, k12]. Commit 6c9ae7c",decided
D04,2026-09-29,selfqc r1_craft báo 'Tên task thiếu raw_fisheye' dù A đã tick mục này: sửa hay giữ?,"Giữ nguyên bản khoá, không relock. Ghi nhận cảnh báo là báo nhầm",Kiểm trên CVAT: task #28 tên 'Day11 · ADASIND · B4-center · raw_fisheye' (screenshots/cvat-task-name-b4-center.png). Export ở mức job (meta chỉ có <job> id 36) nên không chứa tên task; nhãn không bị ảnh hưởng,decided
D05,2026-09-29,SHA của annotations.xml trên máy C lệch lock.txt sau khi git pull: có phải file bị sửa sau khoá?,Không phải. Tắt core.autocrlf cho repo trên máy C và checkout lại XML; B chạy qa bằng r1-final.zip thay cho XML,"Git autocrlf=true đổi LF thành CRLF khi checkout làm SHA đổi (e22eac57 thay vì 9454ebc8). Blob trên GitHub và XML trong r1-final.zip khớp lock (9454-EBC8, C0 d0e68b54); nội dung nhãn không đổi",decided
D06,2026-09-29,ego_body của reference ở adasind_295948.jpg trùm người đi đường: có tính 5 box IGNORE_SCOPE là lỗi của annotator không?,"Không. Giữ 5 box L1, L2, L6, L7, L8; ghi E0_reference_defect P0 và escalate cho data_ops (Ticket 1)","Polygon reference là hình chữ nhật x 0–229, y 915–1736, trùm người đạp xe chở thùng và người che ô; R07 chỉ cho vẽ thân xe ego. Ảnh: screenshots/295948-reference-ego-body-rectangle.jpg",escalated
D07,2026-09-29,"Xe tải nhỏ ở adasind_295948.jpg: Truck (L, M) hay Car (reference)?","Giữ Truck, không rework; escalate sửa reference (Ticket 2)",R04: xe tải nhỏ/pickup là Truck; ảnh thấy thùng hàng phía sau; model cũng gán Truck,escalated
D08,2026-09-29,Người quấn khăn ở adasind_295948.jpg (L3/R3): lái xe (Bike) hay dắt xe (Pedestrian + Bike)?,"Chưa phân xử; giữ nhãn L3, ghi E5_unresolved và escalate cho qa (Ticket 3), đề xuất bổ sung R03","Ảnh không thấy yên/bàn đạp, chân mang dép chạm đất; A và B chọn Pedestrian, reference chọn Bike. Ảnh: screenshots/295948-L3-rider-or-walker.jpg",escalated
D09,2026-09-29,Ca nào đưa vào rework ở P5?,"Chỉ rework 2 ca E1 mức P1 ở adasind_271039.jpg: thêm Pedestrian R4 (mép phải) và R10 (trong cụm, occluded). Các ca model (E4), reference (E0), luật (E2) và chưa rõ (E5) không rework",GUIDE P5 chỉ sửa action=rework mức P0/P1; lỗi không do annotator thì không sửa âm thầm bản khoá,decided
D10,2026-09-29,"Bản rework B4-center-update.zip chỉ sửa được R4, chưa có R10 và thêm một box trùng: khoá luôn hay sửa tiếp?","Khoá luôn (mã 4B5A-FC5E), ghi trung thực kết quả 1/2 ca trong delta.md","Hết thời gian; không sửa số trong báo cáo. R10 và box trùng (392,821,424,915) để lại cho vòng sửa sau",decided
