round,slice,frame,object_ref,cell,what,why,severity,owner,rule_id,evidence,action,rules_version,note
calib,C0,adasind_019560.jpg,L4+R3,na,WRONG_CLASS,,,,R04,"compare.html p1_calib: L4 Car (41,772,97,855) trùng R3 ThreeWheeler (39,773,99,850); ảnh gốc là xe auto-rickshaw vàng ở mép trái",,v1.0.0,"Tuk-tuk bị gán Car; theo R04 xe ba bánh chở người là ThreeWheeler. Số trong compare là tổng hợp, đã soi lại trên ảnh"
calib,C0,adasind_019560.jpg,L6,na,SPURIOUS,,,,R03,"compare.html p1_calib: L6 Pedestrian (459,732,533,835) nằm trên xe máy L1 Bike (417,779,528,919); R2 Bike (427,736,535,910) bao cả người lẫn xe",,v1.0.0,Người áo đỏ đội mũ bảo hiểm đang ngồi trên xe máy bị tách thành Pedestrian; R03: rider + xe hai bánh = một Bike. L1 cũng chỉ bao phần xe nên khớp R2 lỏng hơn
calib,C0,adasind_019560.jpg,L7,na,SPURIOUS,,,,R03,"compare.html p1_calib: L7 Bike (595,780,647,839) nằm trong L5 Bike (594,735,730,915); reference chỉ có một R1 Bike",,v1.0.0,Người áo vàng với xe đạp bị vẽ thêm một box Bike thứ hai bên trong box Bike chính; theo R03 chỉ một Bike
calib,C0,adasind_019560.jpg,L9,na,SPURIOUS,,,,R07,"compare.html p1_calib: L9 Bike (0,1065,153,1568) trùng polygon ego_body của chính annotator (x 0–147, y 1073–1570); reference không có box ở đây",,v1.0.0,"Box Bike vẽ lên thân xe ego ở mép trái; theo R07 vùng này chỉ vẽ polygon ego_body, R09 không để box nằm trong ignore_region"
r2_qa,B4-center,adasind_271039.jpg,Nhóm người sát nhau gần car đỏ,L_only,MISSING,,,,R01,Trong cụm người đứng sát nhau có thêm 2 người nhìn thấy được. 2 người này vẫn phân biệt được với người bên cạnh nên cần các box riêng; việc các box gần/chạm nhau không phải lý do để bỏ qua,,v1.0.0,"C: đồng ý một phần, reference chỉ thiếu 1 người (R10); rework thêm box"
r2_qa,B4-center,adasind_271039.jpg,Người đứng cạnh biển đỏ bên phải ảnh,L_only,MISSING,,,,R01,Có một Pedestrian ở mép phải nằm trong vùng hợp lệ nhưng hiện chưa có box. Cần thêm box.,,v1.0.0,"C: đồng ý, trùng R4 (model cũng thấy); rework thêm box"
r2_qa,B4-center,adasind_271039.jpg,Car #16,L_only,WRONG_CLASS,,,,R04,Xe trắng góc trái. Van chở người (Car) hay e-rickshaw (ThreeWheeler)? Cần kiểm tra lại.,,v1.0.0,"C: giữ Car. Xe trắng góc trái là L5 Car, khớp R7 Car; nhìn ảnh là ô tô con, không phải xe ba bánh"
r2_qa,B4-center,adasind_295948.jpg,Bike #24,L_only,WRONG_CLASS,,,,R03,"Bị che nhiều, không đủ rõ để xác định chắc chắn là bike, cần kiểm tra lại",,v1.0.0,"C: giữ. Là L2 Bike ở lề trái, nằm trong ego_body hình chữ nhật của reference nên không được chấm; xem escalation reference"
r2_qa,B4-center,adasind_295948.jpg,Pedestrian #32,L_only,WRONG_CLASS,,,,R03,"Bị che nhiều, không đủ rõ để xác định là người dắt xe (một box Pedestrian và một box Bike tách riêng) hay người đang ngồi lái xe (một box Bike)",,v1.0.0,"C: giữ. Là L1/L7 ở lề trái, cùng vùng ego_body sai của reference; chưa đủ rõ để đổi"
r2_qa,B4-center,adasind_295948.jpg,Pedestrian #26,L_only,MISSING,,,,R03,Người lớn ở tiền cảnh đang dắt xe hai bánh; thấy phần xe/bánh ở phía dưới. Theo R03 nên là một box Pedestrian và một box Bike tách riêng.,,v1.0.0,"C: là L3; chưa phân xử được lái hay dắt xe, đã escalate (30_escalation_ticket)"
r1_craft,B4-center,adasind_271039.jpg,L2,na,SPURIOUS,E2_guideline_gap,P2,guideline,R01,compare r1_craft,keep_with_reason,v1.0.0,Xem dòng r3_diag L2
r1_craft,B4-center,adasind_271039.jpg,L3,na,SPURIOUS,E2_guideline_gap,P2,guideline,R01,compare r1_craft,keep_with_reason,v1.0.0,Xem dòng r3_diag L3
r1_craft,B4-center,adasind_271039.jpg,R4,na,MISSING,E1_annotator_error,P1,annotator,R01,compare r1_craft,rework,v1.0.0,Xem dòng r3_diag R4+M4
r1_craft,B4-center,adasind_271039.jpg,R10,na,MISSING,E1_annotator_error,P1,annotator,R01,compare r1_craft,rework,v1.0.0,Xem dòng r3_diag R10
r1_craft,B4-center,adasind_295948.jpg,L1,na,IGNORE_SCOPE,E0_reference_defect,P0,data_ops,R07,compare r1_craft,escalate,v1.0.0,"Polygon ego_body của reference là hình chữ nhật x 0–229, y 915–1736, trùm cả người/xe đạp chở thùng PDF và người che ô hồng ở lề trái. Các vật này là người tham gia giao thông, không phải thân xe ego; R10: ignore che nhầm vùng là P0"
r1_craft,B4-center,adasind_295948.jpg,L2,na,IGNORE_SCOPE,E0_reference_defect,P0,data_ops,R07,compare r1_craft,escalate,v1.0.0,"Polygon ego_body của reference là hình chữ nhật x 0–229, y 915–1736, trùm cả người/xe đạp chở thùng PDF và người che ô hồng ở lề trái. Các vật này là người tham gia giao thông, không phải thân xe ego; R10: ignore che nhầm vùng là P0"
r1_craft,B4-center,adasind_295948.jpg,L6,na,IGNORE_SCOPE,E0_reference_defect,P0,data_ops,R07,compare r1_craft,escalate,v1.0.0,"Polygon ego_body của reference là hình chữ nhật x 0–229, y 915–1736, trùm cả người/xe đạp chở thùng PDF và người che ô hồng ở lề trái. Các vật này là người tham gia giao thông, không phải thân xe ego; R10: ignore che nhầm vùng là P0"
r1_craft,B4-center,adasind_295948.jpg,L7,na,IGNORE_SCOPE,E0_reference_defect,P0,data_ops,R07,compare r1_craft,escalate,v1.0.0,"Polygon ego_body của reference là hình chữ nhật x 0–229, y 915–1736, trùm cả người/xe đạp chở thùng PDF và người che ô hồng ở lề trái. Các vật này là người tham gia giao thông, không phải thân xe ego; R10: ignore che nhầm vùng là P0"
r1_craft,B4-center,adasind_295948.jpg,L8,na,IGNORE_SCOPE,E0_reference_defect,P0,data_ops,R07,compare r1_craft,escalate,v1.0.0,"Polygon ego_body của reference là hình chữ nhật x 0–229, y 915–1736, trùm cả người/xe đạp chở thùng PDF và người che ô hồng ở lề trái. Các vật này là người tham gia giao thông, không phải thân xe ego; R10: ignore che nhầm vùng là P0"
r1_craft,B4-center,adasind_295948.jpg,L3+R3,na,WRONG_CLASS,E5_unresolved,P1,qa,R03,compare r1_craft,escalate,v1.0.0,Xem dòng r3_diag L3
r1_craft,B4-center,adasind_295948.jpg,L4+R1,na,WRONG_CLASS,E0_reference_defect,P1,data_ops,R04,compare r1_craft,escalate,v1.0.0,Xem dòng r3_diag L4+M2
r1_craft,B4-center,adasind_295948.jpg,L9,na,SPURIOUS,E5_unresolved,P3,qa,R01,compare r1_craft,keep_with_reason,v1.0.0,Xem dòng r3_diag L9+M6
r3_diag,B4-center,adasind_270517.jpg,L3+R2,LR_noM,MISSING,E4_model_domain,P2,ai_team,R04,"model_compare: L3/R2 ThreeWheeler, M7 gán Car cùng vị trí (450,716,822,1021)",keep_with_reason,v1.0.0,"Người và reference đều là ThreeWheeler; model gọi auto-rickshaw là Car. Lặp lại ở 5 xe ba bánh trên 2 frame nên là mẫu lỗi của model, không phải một box lệch. Giữ nhãn L"
r3_diag,B4-center,adasind_270517.jpg,L4+R4,LR_noM,MISSING,E4_model_domain,P2,ai_team,R04,"model_compare: L4/R4 ThreeWheeler đen, M6 Car và M9 Truck chồng nhau (170,735,269,883)",keep_with_reason,v1.0.0,Model gán auto-rickshaw thành Car và Truck cùng lúc (hai box trùng). Cùng mẫu lỗi xe ba bánh. Giữ nhãn L
r3_diag,B4-center,adasind_270517.jpg,M5,M_only,SPURIOUS,E4_model_domain,P3,ai_team,R03,"model_compare: M5 Pedestrian (673,761,790,859) nằm trong xe ba bánh L3/R2",keep_with_reason,v1.0.0,Người ngồi trong xe ba bánh; R03 không box riêng người trong phương tiện. Model thừa
r3_diag,B4-center,adasind_270517.jpg,M6,M_only,SPURIOUS,E4_model_domain,P2,ai_team,R04,model_compare: M6 Car trùng vị trí L4/R4 ThreeWheeler,keep_with_reason,v1.0.0,Sai class của model ở cùng xe ba bánh với dòng L4+R4; không phải vật mới
r3_diag,B4-center,adasind_270517.jpg,M7,M_only,SPURIOUS,E4_model_domain,P2,ai_team,R04,model_compare: M7 Car trùng vị trí L3/R2 ThreeWheeler,keep_with_reason,v1.0.0,Sai class của model ở xe ba bánh vàng lớn; không phải vật mới
r3_diag,B4-center,adasind_270517.jpg,M9,M_only,SPURIOUS,E4_model_domain,P3,ai_team,R04,"model_compare: M9 Truck (170,735,269,883) trùng M6 Car",keep_with_reason,v1.0.0,Box trùng thứ hai của model trên cùng xe ba bánh
r3_diag,B4-center,adasind_270517.jpg,M10,M_only,SPURIOUS,E4_model_domain,P3,ai_team,R03,"model_compare: M10 Pedestrian (673,761,793,950) trong xe ba bánh L3/R2",keep_with_reason,v1.0.0,"Người trong xe ba bánh, R03 không box. Model thừa"
r3_diag,B4-center,adasind_270517.jpg,M11,M_only,SPURIOUS,E4_model_domain,P3,ai_team,R03,"model_compare: M11 Pedestrian (653,762,681,840) ở mép trái cabin xe ba bánh L3",keep_with_reason,v1.0.0,Phần người trong/sát cabin xe ba bánh; không tách được thành người đi bộ riêng. Model thừa
r3_diag,B4-center,adasind_271039.jpg,L1+R9,LR_noM,MISSING,E4_model_domain,P2,ai_team,R04,"model_compare: L1/R9 ThreeWheeler ở mép trái (3,827,35,885), M9 gán Car",keep_with_reason,v1.0.0,Model gọi xe ba bánh là Car ở zone edge; cùng mẫu lỗi xe ba bánh
r3_diag,B4-center,adasind_271039.jpg,L9+R6,LR_noM,MISSING,E4_model_domain,P2,ai_team,R04,"model_compare: L9/R6 ThreeWheeler (101,825,152,870), M12 gán Car",keep_with_reason,v1.0.0,Cùng mẫu lỗi xe ba bánh → Car của model
r3_diag,B4-center,adasind_271039.jpg,L2,L_only,SPURIOUS,E2_guideline_gap,P2,guideline,R01,"compare r1_craft: L2 ThreeWheeler (189,824,252,897) không có trong R; M11 Car (192,827,314,894) cũng thấy xe; ảnh gốc có xe ba bánh đỗ sau nhóm người đi bộ",keep_with_reason,v1.0.0,Có xe thật nhưng bị người che gần hết; reference bỏ qua và chỉ vẽ ignore unreadable nhỏ (160–199). Luật chưa nói che bao nhiêu thì box hay dùng unreadable. Đề xuất trong 20_guideline_patch
r3_diag,B4-center,adasind_271039.jpg,L3,L_only,SPURIOUS,E2_guideline_gap,P2,guideline,R01,"compare r1_craft: L3 ThreeWheeler (245,826,330,910) không có trong R; ảnh gốc có xe ba bánh vàng đỗ sau người áo đen/trắng",keep_with_reason,v1.0.0,Cùng ca với L2: xe đỗ bị che nhiều; chờ luật rõ hơn trước khi coi là lỗi của annotator
r3_diag,B4-center,adasind_271039.jpg,R4+M4,RM_noL,MISSING,E1_annotator_error,P1,annotator,R01,"compare r1_craft: R4 Pedestrian (992,845,1026,975) cao 130 px, M4 cũng thấy; L không có box. QA r2 cùng báo",rework,v1.0.0,"Người đứng cạnh biển đỏ ở mép phải, rõ và trong vùng hợp lệ; annotator bỏ sót. Cần thêm box"
r3_diag,B4-center,adasind_271039.jpg,R10,R_only,MISSING,E1_annotator_error,P1,annotator,R01,"compare r1_craft: R10 Pedestrian (261,824,289,909) occluded, cao 85 px; L không có. QA r2 báo thiếu người trong cụm",rework,v1.0.0,"Người bị che một phần trong cụm đi bộ nhưng vẫn tách được; annotator bỏ sót. Cần thêm box, occluded=true"
r3_diag,B4-center,adasind_271039.jpg,M8,M_only,SPURIOUS,E4_model_domain,P3,ai_team,R03,"model_compare: M8 Pedestrian (393,824,415,900) nằm trong L10/R8 (391,822,439,943)",keep_with_reason,v1.0.0,Model vẽ box thứ hai trên cùng một người
r3_diag,B4-center,adasind_271039.jpg,M9,M_only,SPURIOUS,E4_model_domain,P2,ai_team,R04,model_compare: M9 Car trùng L1/R9 ThreeWheeler,keep_with_reason,v1.0.0,"Sai class của model, không phải vật mới"
r3_diag,B4-center,adasind_271039.jpg,M11,M_only,SPURIOUS,E4_model_domain,P2,ai_team,R04,"model_compare: M11 Car (192,827,314,894) trùng vùng L2+L3 ThreeWheeler",keep_with_reason,v1.0.0,Model gộp hai xe ba bánh đỗ thành một Car
r3_diag,B4-center,adasind_271039.jpg,M12,M_only,SPURIOUS,E4_model_domain,P2,ai_team,R04,model_compare: M12 Car trùng L9/R6 ThreeWheeler,keep_with_reason,v1.0.0,"Sai class của model, không phải vật mới"
r3_diag,B4-center,adasind_295948.jpg,L3,L_only,SPURIOUS,E5_unresolved,P1,qa,R03,"compare r1_craft: L3 Pedestrian (571,607,1080,1732), R3 Bike cùng vị trí; ảnh gốc: người quấn khăn tay cầm ghi đông, dép chạm đất, không thấy yên",escalate,v1.0.0,"Không đủ bằng chứng người đang ngồi lái (R: Bike) hay đứng/dắt xe (L, QA: Pedestrian + Bike). Cần người soát xem frame trước/sau. Ticket 30_escalation_ticket"
r3_diag,B4-center,adasind_295948.jpg,L4+M2,LM_noR,SPURIOUS,E0_reference_defect,P1,data_ops,R04,"compare r1_craft: L4 Truck (461,886,656,1060), R1 Car; M2 cũng Truck; ảnh gốc là xe tải nhỏ có thùng hàng",escalate,v1.0.0,R04: xe tải nhỏ/pickup là Truck. Reference gán Car là sai; giữ nhãn L và báo sửa reference
r3_diag,B4-center,adasind_295948.jpg,L9+M6,LM_noR,SPURIOUS,E5_unresolved,P3,qa,R01,"compare r1_craft: L9 Car (422,918,440,967) rộng 18 px giữa hai xe tải; M6 cũng Car; R không có",keep_with_reason,v1.0.0,"Chỉ thấy một dải hẹp bị che giữa hai xe tải, không chắc là xe; cần ảnh độ phân giải cao hơn. Giữ và theo dõi"
r3_diag,B4-center,adasind_295948.jpg,R1,R_only,MISSING,E0_reference_defect,P1,data_ops,R04,"compare r1_craft: R1 Car (455,894,654,1077) trùng L4 Truck",escalate,v1.0.0,Cùng ca với L4+M2: reference sai class xe tải nhỏ
r3_diag,B4-center,adasind_295948.jpg,R3,R_only,MISSING,E5_unresolved,P1,qa,R03,"compare r1_craft: R3 Bike (570,605,1080,1720) trùng L3 Pedestrian",escalate,v1.0.0,Cùng ca với L3: chưa rõ đang lái hay dắt xe
rework,B4-center,adasind_271039.jpg,R4,na,MISSING,E1_annotator_error,P1,annotator,R01,"rework/delta.md: edge missing 1→0; box mới (991,838,1031,967)",rework,v1.0.0,Đã sửa trong rework
rework,B4-center,adasind_271039.jpg,R10,na,MISSING,E1_annotator_error,P1,annotator,R01,"rework/delta.md: center missing vẫn 2; không có box quanh (261,824,289,909)",rework,v1.0.0,Chưa sửa: A vẽ nhầm sang cụm người gần ô tô đỏ
rework,B4-center,adasind_271039.jpg,L6,na,DUPLICATE,E1_annotator_error,P1,annotator,R01,"annotations-v2: box mới (392,821,424,915) nằm trong box người đã có (391,822,439,943); center spurious 4→5",rework,v1.0.0,Lỗi mới sinh ra trong rework; cần xoá box trùng
